{"cameraMode":{"drawMode":0,"name":"Shaded","section":"Shading Mode"},"sceneLighting":false,"audioPlay":false,"sceneViewState":{"showFog":true,"showMaterialUpdate":false,"showSkybox":true,"showFlares":true,"showImageEffects":true,"showParticleSystems":true},"in2DMode":false,"pivot":{"x":654.1587524414063,"y":2.6068811416625978,"z":198.21792602539063},"rotation":{"x":0.2814166843891144,"y":0.24960698187351228,"z":-0.07606730610132218,"w":0.9234296083450317},"size":4.587387561798096,"orthographic":false}